Name,Profile Picture,Designation,Email,Comment
Siddharth Ram,https://media-exp1.licdn.com/dms/image/C4E03AQGnbaKYFthJxg/profile-displayphoto-shrink_100_100/0/1606971513750?e=1639008000&v=beta&t=ylEPK_7rBwDt22HkVhOhVoRy2J3Lhf1aboJiP0kktdQ,Web Development(MERN Stack + Python For Backend) || Data Engineering|| User Experience || Product Management,-,"b'hopefully this craze doent start offf like a ML craze. you need 1 product manager for every 10-20 dev and sometimes Team lead can manage the sam responsibility. The vacancy in these roles is not as much as people percieve them to be.\n\nRight now the current outlook is if we are tired of tech and then repeated DS/algo prep then we can move to Product, which I find to be a broken philosophy'"
Palak Mittal,https://media-exp1.licdn.com/dms/image/C4E03AQFSNzijR1Cm9A/profile-displayphoto-shrink_100_100/0/1622487067019?e=1639008000&v=beta&t=UR6_k2YZ_CNJWdT9eOkl1B1RXQk9uWEIp-vcGNQpXcI,Passionate Coder | Full Stack Web Enthusiast,-,"b""That's so true"""
🐧 Apan Trikha,https://media-exp1.licdn.com/dms/image/C5103AQEMYsCZ_d6JJw/profile-displayphoto-shrink_100_100/0/1568893292451?e=1639008000&v=beta&t=MzpVpsGsg0d9dJpwXjVpkluiHqh_077MLhzAatJMH_s,A Passionate SDE | Ex-Amazon,-,"b'I mean Sodtware Development sounds like a great opportunity, ngl. Just kidding, I love the hardcore engineering behind software. No hate for product managers but I prefer both owning and implementing systems.'"
Sumit Kumar,https://media-exp1.licdn.com/dms/image/C5603AQF2npBTm4O4uA/profile-displayphoto-shrink_100_100/0/1628766976885?e=1639008000&v=beta&t=tkVKUgvoGRy2ql3pvslAgT_Pcs5C6jJtG5i9JWOcov4,<{Founder - Wisdom for a better world (The Wisdom Series - Youtube channel coming up)} @ Bounty | Editor at Pepper Content | App Developer at Applan | Panelist at Monjin>,-,b'Ummmm...a typo in options.'
Kartikeya Singh,https://media-exp1.licdn.com/dms/image/C4D03AQEdCXNiB_oeKg/profile-displayphoto-shrink_100_100/0/1621373819973?e=1639008000&v=beta&t=czu1Z6dg-8Y_tjPIu3rOPoxFqMWUDF6ihgWfFI9Bve8,Former AIML Intern Hewlett Packard Enterprise import 🕙,-,"b'I am a people person and understand users need, business in tech as well as background in engineering so after 3-4 years I want to be a Product Manager'"
赵健洲,https://media-exp1.licdn.com/dms/image/C5103AQF_zDjNkXyK4Q/profile-displayphoto-shrink_100_100/0/1531403762700?e=1639008000&v=beta&t=kJEoUkqyRdAaA3_Nr86Hs5-Fvfy4qCXF6Mbb8xN3cqE,"Founder - RIFERBISH CO.,LTD",-,"b'PM is copy and arrangement , software is creation ,PM is a little like a coach ,the software engineer is the player ,do you like to be a coach or a player ? \xf0\x9f\x98\x81 \xf0\x9f\x98\x80'"
Harshavardhan K,https://media-exp1.licdn.com/dms/image/C5103AQGv9knDD1nwHQ/profile-displayphoto-shrink_100_100/0/1580307134573?e=1639008000&v=beta&t=8CvLRsIO5rdCqZNjdSoV_tgcodTksb9hF98bpdBbSmw,Software Engineer at Cisco,-,"b'Basic understanding and experience of software development is essential to become a good PM. Although not necessary, but having that experience will help you connect better with the team.'"
